{"summaries":[{"symbol":{"__symbol":0,"members":[]},"metadata":{"__symbolic":"call","expression":{"__symbolic":"select","expression":{"__symbol":1,"members":[]},"member":"forChild"},"arguments":[[{"path":"","redirectTo":"signup","pathMatch":"full"},{"path":"signup","component":{"__symbol":2,"members":[]}},{"path":"signin","component":{"__symbol":3,"members":[]}},{"path":"logout","component":{"__symbol":4,"members":[]}}]]}}],"symbols":[{"__symbol":0,"name":"authRouting","filePath":"C:/Users/tarat/Dropbox/Project/angular2-nodejs/assets/app/auth/auth.routing.d.ts"},{"__symbol":1,"name":"RouterModule","filePath":"C:/Users/tarat/Dropbox/Project/angular2-nodejs/node_modules/@angular/router/router.d.ts"},{"__symbol":2,"name":"SignupComponent","filePath":"C:/Users/tarat/Dropbox/Project/angular2-nodejs/assets/app/auth/signup.component.d.ts"},{"__symbol":3,"name":"SigninComponent","filePath":"C:/Users/tarat/Dropbox/Project/angular2-nodejs/assets/app/auth/signin.component.d.ts"},{"__symbol":4,"name":"LogoutComponent","filePath":"C:/Users/tarat/Dropbox/Project/angular2-nodejs/assets/app/auth/logout.component.d.ts"}]}