{"summaries":[{"symbol":{"__symbol":0,"members":[]},"metadata":{"__symbolic":"class"},"type":{"summaryKind":2,"type":{"reference":{"__symbol":0,"members":[]},"diDeps":[],"lifecycleHooks":[]},"entryComponents":[{"componentType":{"__symbol":1,"members":[]},"componentFactory":{"__symbol":2,"members":[]}},{"componentType":{"__symbol":3,"members":[]},"componentFactory":{"__symbol":4,"members":[]}},{"componentType":{"__symbol":5,"members":[]},"componentFactory":{"__symbol":6,"members":[]}}],"providers":[{"provider":{"token":{"identifier":{"reference":{"__symbol":7,"members":[]}}},"useClass":{"reference":{"__symbol":8,"members":[]},"diDeps":[{"isAttribute":false,"isHost":false,"isSelf":false,"isSkipSelf":false,"isOptional":false,"token":{"identifier":{"reference":{"__symbol":9,"members":[]}}}}],"lifecycleHooks":[]},"useFactory":null,"deps":[{"isAttribute":false,"isHost":false,"isSelf":false,"isSkipSelf":false,"isOptional":false,"token":{"identifier":{"reference":{"__symbol":9,"members":[]}}}}],"multi":false},"module":{"reference":{"__symbol":10,"members":[]},"diDeps":[],"lifecycleHooks":[]}},{"provider":{"token":{"identifier":{"reference":{"__symbol":11,"members":[]},"diDeps":[],"lifecycleHooks":[]}},"useClass":{"reference":{"__symbol":11,"members":[]},"diDeps":[],"lifecycleHooks":[]},"useFactory":null,"deps":[],"multi":false},"module":{"reference":{"__symbol":12,"members":[]},"diDeps":[],"lifecycleHooks":[]}},{"provider":{"token":{"identifier":{"reference":{"__symbol":13,"members":[]},"diDeps":[],"lifecycleHooks":[]}},"useClass":{"reference":{"__symbol":13,"members":[]},"diDeps":[],"lifecycleHooks":[]},"useFactory":null,"deps":[],"multi":false},"module":{"reference":{"__symbol":12,"members":[]},"diDeps":[],"lifecycleHooks":[]}},{"provider":{"token":{"identifier":{"reference":{"__symbol":14,"members":[]}}},"useClass":null,"useValue":[{"path":"","redirectTo":"signup","pathMatch":"full"},{"path":"signup","component":{"__symbol":1,"members":[]}},{"path":"signin","component":{"__symbol":3,"members":[]}},{"path":"logout","component":{"__symbol":5,"members":[]}}],"useFactory":null,"multi":true},"module":{"reference":{"__symbol":0,"members":[]},"diDeps":[],"lifecycleHooks":[]}}],"modules":[{"reference":{"__symbol":10,"members":[]},"diDeps":[],"lifecycleHooks":[]},{"reference":{"__symbol":15,"members":[]},"diDeps":[],"lifecycleHooks":[]},{"reference":{"__symbol":12,"members":[]},"diDeps":[],"lifecycleHooks":[]},{"reference":{"__symbol":16,"members":[]},"diDeps":[{"isAttribute":false,"isHost":false,"isSelf":false,"isSkipSelf":false,"isOptional":true,"token":{"identifier":{"reference":{"__symbol":17,"members":[]}}}},{"isAttribute":false,"isHost":false,"isSelf":false,"isSkipSelf":false,"isOptional":true,"token":{"identifier":{"reference":{"__symbol":18,"members":[]}}}}],"lifecycleHooks":[]},{"reference":{"__symbol":0,"members":[]},"diDeps":[],"lifecycleHooks":[]}],"exportedDirectives":[],"exportedPipes":[]}}],"symbols":[{"__symbol":0,"name":"AuthModule","filePath":"C:/Users/tarat/Dropbox/Project/angular2-nodejs/assets/app/auth/auth.module.d.ts"},{"__symbol":1,"name":"SignupComponent","filePath":"C:/Users/tarat/Dropbox/Project/angular2-nodejs/assets/app/auth/signup.component.d.ts"},{"__symbol":2,"name":"SignupComponentNgFactory","filePath":"C:/Users/tarat/Dropbox/Project/angular2-nodejs/assets/app/auth/signup.component.ngfactory.d.ts"},{"__symbol":3,"name":"SigninComponent","filePath":"C:/Users/tarat/Dropbox/Project/angular2-nodejs/assets/app/auth/signin.component.d.ts"},{"__symbol":4,"name":"SigninComponentNgFactory","filePath":"C:/Users/tarat/Dropbox/Project/angular2-nodejs/assets/app/auth/signin.component.ngfactory.d.ts"},{"__symbol":5,"name":"LogoutComponent","filePath":"C:/Users/tarat/Dropbox/Project/angular2-nodejs/assets/app/auth/logout.component.d.ts"},{"__symbol":6,"name":"LogoutComponentNgFactory","filePath":"C:/Users/tarat/Dropbox/Project/angular2-nodejs/assets/app/auth/logout.component.ngfactory.d.ts"},{"__symbol":7,"name":"NgLocalization","filePath":"C:/Users/tarat/Dropbox/Project/angular2-nodejs/node_modules/@angular/common/common.d.ts"},{"__symbol":8,"name":"NgLocaleLocalization","filePath":"C:/Users/tarat/Dropbox/Project/angular2-nodejs/node_modules/@angular/common/common.d.ts"},{"__symbol":9,"name":"LOCALE_ID","filePath":"C:/Users/tarat/Dropbox/Project/angular2-nodejs/node_modules/@angular/core/core.d.ts"},{"__symbol":10,"name":"CommonModule","filePath":"C:/Users/tarat/Dropbox/Project/angular2-nodejs/node_modules/@angular/common/common.d.ts"},{"__symbol":11,"name":"FormBuilder","filePath":"C:/Users/tarat/Dropbox/Project/angular2-nodejs/node_modules/@angular/forms/forms.d.ts"},{"__symbol":12,"name":"ReactiveFormsModule","filePath":"C:/Users/tarat/Dropbox/Project/angular2-nodejs/node_modules/@angular/forms/forms.d.ts"},{"__symbol":13,"name":"ɵi","filePath":"C:/Users/tarat/Dropbox/Project/angular2-nodejs/node_modules/@angular/forms/forms.d.ts"},{"__symbol":14,"name":"ROUTES","filePath":"C:/Users/tarat/Dropbox/Project/angular2-nodejs/node_modules/@angular/router/router.d.ts"},{"__symbol":15,"name":"ɵba","filePath":"C:/Users/tarat/Dropbox/Project/angular2-nodejs/node_modules/@angular/forms/forms.d.ts"},{"__symbol":16,"name":"RouterModule","filePath":"C:/Users/tarat/Dropbox/Project/angular2-nodejs/node_modules/@angular/router/router.d.ts"},{"__symbol":17,"name":"ɵa","filePath":"C:/Users/tarat/Dropbox/Project/angular2-nodejs/node_modules/@angular/router/router.d.ts"},{"__symbol":18,"name":"Router","filePath":"C:/Users/tarat/Dropbox/Project/angular2-nodejs/node_modules/@angular/router/router.d.ts"}]}