{"summaries":[{"symbol":{"__symbol":0,"members":[]},"metadata":{"__symbolic":"class","members":{"__ctor__":[{"__symbolic":"constructor","parameters":[{"__symbol":1,"members":[]}]}],"isLoggedIn":[{"__symbolic":"method"}]}},"type":{"summaryKind":1,"type":{"reference":{"__symbol":0,"members":[]},"diDeps":[{"isAttribute":false,"isHost":false,"isSelf":false,"isSkipSelf":false,"isOptional":false,"token":{"identifier":{"reference":{"__symbol":1,"members":[]}}}}],"lifecycleHooks":[]},"isComponent":true,"selector":"app-authentication","exportAs":null,"inputs":{},"outputs":{},"hostListeners":{},"hostProperties":{},"hostAttributes":{},"providers":[],"viewProviders":[],"queries":[],"viewQueries":[],"entryComponents":[],"changeDetection":1,"template":{"animations":[],"ngContentSelectors":[],"encapsulation":2},"componentViewType":{"__symbol":2,"members":[]},"rendererType":{"__symbol":3,"members":[]},"componentFactory":{"__symbol":4,"members":[]}}}],"symbols":[{"__symbol":0,"name":"AuthenticationComponent","filePath":"C:/Users/tarat/Dropbox/Project/angular2-nodejs/assets/app/auth/authentication.component.d.ts"},{"__symbol":1,"name":"AuthService","filePath":"C:/Users/tarat/Dropbox/Project/angular2-nodejs/assets/app/auth/auth.service.d.ts"},{"__symbol":2,"name":"View_AuthenticationComponent_0","filePath":"C:/Users/tarat/Dropbox/Project/angular2-nodejs/assets/app/auth/authentication.component.ngfactory.d.ts"},{"__symbol":3,"name":"RenderType_AuthenticationComponent","filePath":"C:/Users/tarat/Dropbox/Project/angular2-nodejs/assets/app/auth/authentication.component.ngfactory.d.ts"},{"__symbol":4,"name":"AuthenticationComponentNgFactory","filePath":"C:/Users/tarat/Dropbox/Project/angular2-nodejs/assets/app/auth/authentication.component.ngfactory.d.ts"}]}