{"summaries":[{"symbol":{"__symbol":0,"members":[]},"metadata":{"__symbolic":"class","members":{"__ctor__":[{"__symbolic":"constructor","parameters":[{"__symbol":1,"members":[]},{"__symbol":2,"members":[]}]}],"onLogout":[{"__symbolic":"method"}]}},"type":{"summaryKind":1,"type":{"reference":{"__symbol":0,"members":[]},"diDeps":[{"isAttribute":false,"isHost":false,"isSelf":false,"isSkipSelf":false,"isOptional":false,"token":{"identifier":{"reference":{"__symbol":1,"members":[]}}}},{"isAttribute":false,"isHost":false,"isSelf":false,"isSkipSelf":false,"isOptional":false,"token":{"identifier":{"reference":{"__symbol":2,"members":[]}}}}],"lifecycleHooks":[]},"isComponent":true,"selector":"app-logout","exportAs":null,"inputs":{},"outputs":{},"hostListeners":{},"hostProperties":{},"hostAttributes":{},"providers":[],"viewProviders":[],"queries":[],"viewQueries":[],"entryComponents":[],"changeDetection":1,"template":{"animations":[],"ngContentSelectors":[],"encapsulation":2},"componentViewType":{"__symbol":3,"members":[]},"rendererType":{"__symbol":4,"members":[]},"componentFactory":{"__symbol":5,"members":[]}}}],"symbols":[{"__symbol":0,"name":"LogoutComponent","filePath":"C:/Users/tarat/Dropbox/Project/angular2-nodejs/assets/app/auth/logout.component.d.ts"},{"__symbol":1,"name":"AuthService","filePath":"C:/Users/tarat/Dropbox/Project/angular2-nodejs/assets/app/auth/auth.service.d.ts"},{"__symbol":2,"name":"Router","filePath":"C:/Users/tarat/Dropbox/Project/angular2-nodejs/node_modules/@angular/router/router.d.ts"},{"__symbol":3,"name":"View_LogoutComponent_0","filePath":"C:/Users/tarat/Dropbox/Project/angular2-nodejs/assets/app/auth/logout.component.ngfactory.d.ts"},{"__symbol":4,"name":"RenderType_LogoutComponent","filePath":"C:/Users/tarat/Dropbox/Project/angular2-nodejs/assets/app/auth/logout.component.ngfactory.d.ts"},{"__symbol":5,"name":"LogoutComponentNgFactory","filePath":"C:/Users/tarat/Dropbox/Project/angular2-nodejs/assets/app/auth/logout.component.ngfactory.d.ts"}]}