{"summaries":[{"symbol":{"__symbol":0,"members":[]},"metadata":{"__symbolic":"class","members":{"__ctor__":[{"__symbolic":"constructor","parameters":[{"__symbol":1,"members":[]}]}],"onErrorHandled":[{"__symbolic":"method"}],"ngOnInit":[{"__symbolic":"method"}]}},"type":{"summaryKind":1,"type":{"reference":{"__symbol":0,"members":[]},"diDeps":[{"isAttribute":false,"isHost":false,"isSelf":false,"isSkipSelf":false,"isOptional":false,"token":{"identifier":{"reference":{"__symbol":1,"members":[]}}}}],"lifecycleHooks":[0]},"isComponent":true,"selector":"app-error","exportAs":null,"inputs":{},"outputs":{},"hostListeners":{},"hostProperties":{},"hostAttributes":{},"providers":[],"viewProviders":[],"queries":[],"viewQueries":[],"entryComponents":[],"changeDetection":1,"template":{"animations":[],"ngContentSelectors":[],"encapsulation":0},"componentViewType":{"__symbol":2,"members":[]},"rendererType":{"__symbol":3,"members":[]},"componentFactory":{"__symbol":4,"members":[]}}}],"symbols":[{"__symbol":0,"name":"ErrorComponent","filePath":"C:/Users/tarat/Dropbox/Project/angular2-nodejs/assets/app/error/error.component.d.ts"},{"__symbol":1,"name":"ErrorService","filePath":"C:/Users/tarat/Dropbox/Project/angular2-nodejs/assets/app/error/error.service.d.ts"},{"__symbol":2,"name":"View_ErrorComponent_0","filePath":"C:/Users/tarat/Dropbox/Project/angular2-nodejs/assets/app/error/error.component.ngfactory.d.ts"},{"__symbol":3,"name":"RenderType_ErrorComponent","filePath":"C:/Users/tarat/Dropbox/Project/angular2-nodejs/assets/app/error/error.component.ngfactory.d.ts"},{"__symbol":4,"name":"ErrorComponentNgFactory","filePath":"C:/Users/tarat/Dropbox/Project/angular2-nodejs/assets/app/error/error.component.ngfactory.d.ts"}]}