{"summaries":[{"symbol":{"__symbol":0,"members":[]},"metadata":{"__symbolic":"class"},"type":{"summaryKind":1,"type":{"reference":{"__symbol":0,"members":[]},"diDeps":[],"lifecycleHooks":[]},"isComponent":true,"selector":"my-app","exportAs":null,"inputs":{},"outputs":{},"hostListeners":{},"hostProperties":{},"hostAttributes":{},"providers":[],"viewProviders":[],"queries":[],"viewQueries":[],"entryComponents":[],"changeDetection":1,"template":{"animations":[],"ngContentSelectors":[],"encapsulation":2},"componentViewType":{"__symbol":1,"members":[]},"rendererType":{"__symbol":2,"members":[]},"componentFactory":{"__symbol":3,"members":[]}}}],"symbols":[{"__symbol":0,"name":"AppComponent","filePath":"C:/Users/tarat/Dropbox/Project/angular2-nodejs/assets/app/app.component.d.ts"},{"__symbol":1,"name":"View_AppComponent_0","filePath":"C:/Users/tarat/Dropbox/Project/angular2-nodejs/assets/app/app.component.ngfactory.d.ts"},{"__symbol":2,"name":"RenderType_AppComponent","filePath":"C:/Users/tarat/Dropbox/Project/angular2-nodejs/assets/app/app.component.ngfactory.d.ts"},{"__symbol":3,"name":"AppComponentNgFactory","filePath":"C:/Users/tarat/Dropbox/Project/angular2-nodejs/assets/app/app.component.ngfactory.d.ts"}]}