{"summaries":[{"symbol":{"__symbol":0,"members":[]},"metadata":{"__symbolic":"class"},"type":{"summaryKind":2,"type":{"reference":{"__symbol":0,"members":[]},"diDeps":[],"lifecycleHooks":[]},"entryComponents":[{"componentType":{"__symbol":1,"members":[]},"componentFactory":{"__symbol":2,"members":[]}},{"componentType":{"__symbol":3,"members":[]},"componentFactory":{"__symbol":4,"members":[]}},{"componentType":{"__symbol":5,"members":[]},"componentFactory":{"__symbol":6,"members":[]}}],"providers":[{"provider":{"token":{"identifier":{"reference":{"__symbol":7,"members":[]}}},"useClass":{"reference":{"__symbol":8,"members":[]},"diDeps":[{"isAttribute":false,"isHost":false,"isSelf":false,"isSkipSelf":false,"isOptional":false,"token":{"identifier":{"reference":{"__symbol":9,"members":[]}}}}],"lifecycleHooks":[]},"useFactory":null,"deps":[{"isAttribute":false,"isHost":false,"isSelf":false,"isSkipSelf":false,"isOptional":false,"token":{"identifier":{"reference":{"__symbol":9,"members":[]}}}}],"multi":false},"module":{"reference":{"__symbol":10,"members":[]},"diDeps":[],"lifecycleHooks":[]}},{"provider":{"token":{"identifier":{"reference":{"__symbol":11,"members":[]},"diDeps":[{"isAttribute":false,"isHost":false,"isSelf":false,"isSkipSelf":false,"isOptional":false,"token":{"identifier":{"reference":{"__symbol":12,"members":[]}}}},{"isAttribute":false,"isHost":false,"isSelf":false,"isSkipSelf":false,"isOptional":false,"token":{"identifier":{"reference":{"__symbol":13,"members":[]}}}},{"isAttribute":false,"isHost":false,"isSelf":false,"isSkipSelf":false,"isOptional":false,"token":{"identifier":{"reference":{"__symbol":14,"members":[]}}}},{"isAttribute":false,"isHost":false,"isSelf":false,"isSkipSelf":false,"isOptional":false,"token":{"identifier":{"reference":{"__symbol":15,"members":[]}}}},{"isAttribute":false,"isHost":false,"isSelf":false,"isSkipSelf":false,"isOptional":false,"token":{"identifier":{"reference":{"__symbol":16,"members":[]}}}},{"isAttribute":false,"isHost":false,"isSelf":false,"isSkipSelf":false,"isOptional":false,"token":{"identifier":{"reference":{"__symbol":17,"members":[]}}}}],"lifecycleHooks":[1]}},"useClass":{"reference":{"__symbol":11,"members":[]},"diDeps":[{"isAttribute":false,"isHost":false,"isSelf":false,"isSkipSelf":false,"isOptional":false,"token":{"identifier":{"reference":{"__symbol":12,"members":[]}}}},{"isAttribute":false,"isHost":false,"isSelf":false,"isSkipSelf":false,"isOptional":false,"token":{"identifier":{"reference":{"__symbol":13,"members":[]}}}},{"isAttribute":false,"isHost":false,"isSelf":false,"isSkipSelf":false,"isOptional":false,"token":{"identifier":{"reference":{"__symbol":14,"members":[]}}}},{"isAttribute":false,"isHost":false,"isSelf":false,"isSkipSelf":false,"isOptional":false,"token":{"identifier":{"reference":{"__symbol":15,"members":[]}}}},{"isAttribute":false,"isHost":false,"isSelf":false,"isSkipSelf":false,"isOptional":false,"token":{"identifier":{"reference":{"__symbol":16,"members":[]}}}},{"isAttribute":false,"isHost":false,"isSelf":false,"isSkipSelf":false,"isOptional":false,"token":{"identifier":{"reference":{"__symbol":17,"members":[]}}}}],"lifecycleHooks":[1]},"useFactory":null,"deps":[{"isAttribute":false,"isHost":false,"isSelf":false,"isSkipSelf":false,"isOptional":false,"token":{"identifier":{"reference":{"__symbol":12,"members":[]}}}},{"isAttribute":false,"isHost":false,"isSelf":false,"isSkipSelf":false,"isOptional":false,"token":{"identifier":{"reference":{"__symbol":13,"members":[]}}}},{"isAttribute":false,"isHost":false,"isSelf":false,"isSkipSelf":false,"isOptional":false,"token":{"identifier":{"reference":{"__symbol":14,"members":[]}}}},{"isAttribute":false,"isHost":false,"isSelf":false,"isSkipSelf":false,"isOptional":false,"token":{"identifier":{"reference":{"__symbol":15,"members":[]}}}},{"isAttribute":false,"isHost":false,"isSelf":false,"isSkipSelf":false,"isOptional":false,"token":{"identifier":{"reference":{"__symbol":16,"members":[]}}}},{"isAttribute":false,"isHost":false,"isSelf":false,"isSkipSelf":false,"isOptional":false,"token":{"identifier":{"reference":{"__symbol":17,"members":[]}}}}],"multi":false},"module":{"reference":{"__symbol":18,"members":[]},"diDeps":[{"isAttribute":false,"isHost":false,"isSelf":false,"isSkipSelf":false,"isOptional":false,"token":{"identifier":{"reference":{"__symbol":19,"members":[]}}}}],"lifecycleHooks":[]}},{"provider":{"token":{"identifier":{"reference":{"__symbol":19,"members":[]}}},"useClass":null,"useFactory":null,"useExisting":{"identifier":{"reference":{"__symbol":11,"members":[]}}},"multi":false},"module":{"reference":{"__symbol":18,"members":[]},"diDeps":[{"isAttribute":false,"isHost":false,"isSelf":false,"isSkipSelf":false,"isOptional":false,"token":{"identifier":{"reference":{"__symbol":19,"members":[]}}}}],"lifecycleHooks":[]}},{"provider":{"token":{"identifier":{"reference":{"__symbol":17,"members":[]},"diDeps":[{"isAttribute":false,"isHost":false,"isSelf":false,"isSkipSelf":false,"isOptional":true,"token":{"identifier":{"reference":{"__symbol":20,"members":[]}}}}],"lifecycleHooks":[]}},"useClass":{"reference":{"__symbol":17,"members":[]},"diDeps":[{"isAttribute":false,"isHost":false,"isSelf":false,"isSkipSelf":false,"isOptional":true,"token":{"identifier":{"reference":{"__symbol":20,"members":[]}}}}],"lifecycleHooks":[]},"useFactory":null,"deps":[{"isAttribute":false,"isHost":false,"isSelf":false,"isSkipSelf":false,"isOptional":true,"token":{"identifier":{"reference":{"__symbol":20,"members":[]}}}}],"multi":false},"module":{"reference":{"__symbol":18,"members":[]},"diDeps":[{"isAttribute":false,"isHost":false,"isSelf":false,"isSkipSelf":false,"isOptional":false,"token":{"identifier":{"reference":{"__symbol":19,"members":[]}}}}],"lifecycleHooks":[]}},{"provider":{"token":{"identifier":{"reference":{"__symbol":21,"members":[]},"diDeps":[],"lifecycleHooks":[]}},"useClass":{"reference":{"__symbol":21,"members":[]},"diDeps":[],"lifecycleHooks":[]},"useFactory":null,"deps":[],"multi":false},"module":{"reference":{"__symbol":18,"members":[]},"diDeps":[{"isAttribute":false,"isHost":false,"isSelf":false,"isSkipSelf":false,"isOptional":false,"token":{"identifier":{"reference":{"__symbol":19,"members":[]}}}}],"lifecycleHooks":[]}},{"provider":{"token":{"identifier":{"reference":{"__symbol":22,"members":[]}}},"useClass":null,"useFactory":{"reference":{"__symbol":23,"members":[]},"diDeps":[]},"deps":[],"multi":false},"module":{"reference":{"__symbol":18,"members":[]},"diDeps":[{"isAttribute":false,"isHost":false,"isSelf":false,"isSkipSelf":false,"isOptional":false,"token":{"identifier":{"reference":{"__symbol":19,"members":[]}}}}],"lifecycleHooks":[]}},{"provider":{"token":{"identifier":{"reference":{"__symbol":24,"members":[]}}},"useClass":null,"useFactory":{"reference":{"__symbol":25,"members":[]},"diDeps":[]},"deps":[],"multi":false},"module":{"reference":{"__symbol":18,"members":[]},"diDeps":[{"isAttribute":false,"isHost":false,"isSelf":false,"isSkipSelf":false,"isOptional":false,"token":{"identifier":{"reference":{"__symbol":19,"members":[]}}}}],"lifecycleHooks":[]}},{"provider":{"token":{"identifier":{"reference":{"__symbol":26,"members":[]}}},"useClass":null,"useFactory":{"reference":{"__symbol":27,"members":[]},"diDeps":[]},"deps":[],"multi":false},"module":{"reference":{"__symbol":18,"members":[]},"diDeps":[{"isAttribute":false,"isHost":false,"isSelf":false,"isSkipSelf":false,"isOptional":false,"token":{"identifier":{"reference":{"__symbol":19,"members":[]}}}}],"lifecycleHooks":[]}},{"provider":{"token":{"identifier":{"reference":{"__symbol":9,"members":[]}}},"useClass":null,"useFactory":{"reference":{"__symbol":28,"members":[]},"diDeps":[{"isAttribute":false,"isHost":false,"isSelf":false,"isSkipSelf":true,"isOptional":true,"token":{"identifier":{"reference":{"__symbol":9,"members":[]}}}}]},"deps":[{"isAttribute":false,"isHost":false,"isSelf":false,"isSkipSelf":true,"isOptional":true,"token":{"identifier":{"reference":{"__symbol":9,"members":[]}}}}],"multi":false},"module":{"reference":{"__symbol":18,"members":[]},"diDeps":[{"isAttribute":false,"isHost":false,"isSelf":false,"isSkipSelf":false,"isOptional":false,"token":{"identifier":{"reference":{"__symbol":19,"members":[]}}}}],"lifecycleHooks":[]}},{"provider":{"token":{"identifier":{"reference":{"__symbol":20,"members":[]}}},"useClass":null,"useValue":{"__symbol":29,"members":[]},"useFactory":null,"multi":true},"module":{"reference":{"__symbol":18,"members":[]},"diDeps":[{"isAttribute":false,"isHost":false,"isSelf":false,"isSkipSelf":false,"isOptional":false,"token":{"identifier":{"reference":{"__symbol":19,"members":[]}}}}],"lifecycleHooks":[]}},{"provider":{"token":{"identifier":{"reference":{"__symbol":30,"members":[]}}},"useClass":null,"useFactory":null,"useExisting":{"identifier":{"reference":{"__symbol":31,"members":[]}}},"multi":false},"module":{"reference":{"__symbol":32,"members":[]},"diDeps":[{"isAttribute":false,"isHost":false,"isSelf":false,"isSkipSelf":true,"isOptional":true,"token":{"identifier":{"reference":{"__symbol":32,"members":[]}}}}],"lifecycleHooks":[]}},{"provider":{"token":{"identifier":{"reference":{"__symbol":31,"members":[]}}},"useClass":{"reference":{"__symbol":33,"members":[]},"diDeps":[{"isAttribute":false,"isHost":false,"isSelf":false,"isSkipSelf":false,"isOptional":false,"token":{"identifier":{"reference":{"__symbol":34,"members":[]}}}}],"lifecycleHooks":[]},"useFactory":null,"deps":[{"isAttribute":false,"isHost":false,"isSelf":false,"isSkipSelf":false,"isOptional":false,"token":{"identifier":{"reference":{"__symbol":34,"members":[]}}}}],"multi":false},"module":{"reference":{"__symbol":32,"members":[]},"diDeps":[{"isAttribute":false,"isHost":false,"isSelf":false,"isSkipSelf":true,"isOptional":true,"token":{"identifier":{"reference":{"__symbol":32,"members":[]}}}}],"lifecycleHooks":[]}},{"provider":{"token":{"identifier":{"reference":{"__symbol":15,"members":[]}}},"useClass":null,"useFactory":{"reference":{"__symbol":35,"members":[]},"diDeps":[]},"deps":[],"multi":false},"module":{"reference":{"__symbol":32,"members":[]},"diDeps":[{"isAttribute":false,"isHost":false,"isSelf":false,"isSkipSelf":true,"isOptional":true,"token":{"identifier":{"reference":{"__symbol":32,"members":[]}}}}],"lifecycleHooks":[]}},{"provider":{"token":{"identifier":{"reference":{"__symbol":36,"members":[]}}},"useClass":{"reference":{"__symbol":37,"members":[]},"diDeps":[{"isAttribute":false,"isHost":false,"isSelf":false,"isSkipSelf":false,"isOptional":false,"token":{"identifier":{"reference":{"__symbol":34,"members":[]}}}}],"lifecycleHooks":[]},"useFactory":null,"deps":[{"isAttribute":false,"isHost":false,"isSelf":false,"isSkipSelf":false,"isOptional":false,"token":{"identifier":{"reference":{"__symbol":34,"members":[]}}}}],"multi":true},"module":{"reference":{"__symbol":32,"members":[]},"diDeps":[{"isAttribute":false,"isHost":false,"isSelf":false,"isSkipSelf":true,"isOptional":true,"token":{"identifier":{"reference":{"__symbol":32,"members":[]}}}}],"lifecycleHooks":[]}},{"provider":{"token":{"identifier":{"reference":{"__symbol":36,"members":[]}}},"useClass":{"reference":{"__symbol":38,"members":[]},"diDeps":[{"isAttribute":false,"isHost":false,"isSelf":false,"isSkipSelf":false,"isOptional":false,"token":{"identifier":{"reference":{"__symbol":34,"members":[]}}}}],"lifecycleHooks":[]},"useFactory":null,"deps":[{"isAttribute":false,"isHost":false,"isSelf":false,"isSkipSelf":false,"isOptional":false,"token":{"identifier":{"reference":{"__symbol":34,"members":[]}}}}],"multi":true},"module":{"reference":{"__symbol":32,"members":[]},"diDeps":[{"isAttribute":false,"isHost":false,"isSelf":false,"isSkipSelf":true,"isOptional":true,"token":{"identifier":{"reference":{"__symbol":32,"members":[]}}}}],"lifecycleHooks":[]}},{"provider":{"token":{"identifier":{"reference":{"__symbol":36,"members":[]}}},"useClass":{"reference":{"__symbol":39,"members":[]},"diDeps":[{"isAttribute":false,"isHost":false,"isSelf":false,"isSkipSelf":false,"isOptional":false,"token":{"identifier":{"reference":{"__symbol":34,"members":[]}}}},{"isAttribute":false,"isHost":false,"isSelf":false,"isSkipSelf":false,"isOptional":false,"token":{"identifier":{"reference":{"__symbol":40,"members":[]}}}}],"lifecycleHooks":[]},"useFactory":null,"deps":[{"isAttribute":false,"isHost":false,"isSelf":false,"isSkipSelf":false,"isOptional":false,"token":{"identifier":{"reference":{"__symbol":34,"members":[]}}}},{"isAttribute":false,"isHost":false,"isSelf":false,"isSkipSelf":false,"isOptional":false,"token":{"identifier":{"reference":{"__symbol":40,"members":[]}}}}],"multi":true},"module":{"reference":{"__symbol":32,"members":[]},"diDeps":[{"isAttribute":false,"isHost":false,"isSelf":false,"isSkipSelf":true,"isOptional":true,"token":{"identifier":{"reference":{"__symbol":32,"members":[]}}}}],"lifecycleHooks":[]}},{"provider":{"token":{"identifier":{"reference":{"__symbol":40,"members":[]}}},"useClass":{"reference":{"__symbol":41,"members":[]},"diDeps":[],"lifecycleHooks":[]},"useFactory":null,"deps":[],"multi":false},"module":{"reference":{"__symbol":32,"members":[]},"diDeps":[{"isAttribute":false,"isHost":false,"isSelf":false,"isSkipSelf":true,"isOptional":true,"token":{"identifier":{"reference":{"__symbol":32,"members":[]}}}}],"lifecycleHooks":[]}},{"provider":{"token":{"identifier":{"reference":{"__symbol":42,"members":[]},"diDeps":[{"isAttribute":false,"isHost":false,"isSelf":false,"isSkipSelf":false,"isOptional":false,"token":{"identifier":{"reference":{"__symbol":43,"members":[]}}}},{"isAttribute":false,"isHost":false,"isSelf":false,"isSkipSelf":false,"isOptional":false,"token":{"identifier":{"reference":{"__symbol":44,"members":[]}}}}],"lifecycleHooks":[]}},"useClass":{"reference":{"__symbol":42,"members":[]},"diDeps":[{"isAttribute":false,"isHost":false,"isSelf":false,"isSkipSelf":false,"isOptional":false,"token":{"identifier":{"reference":{"__symbol":43,"members":[]}}}},{"isAttribute":false,"isHost":false,"isSelf":false,"isSkipSelf":false,"isOptional":false,"token":{"identifier":{"reference":{"__symbol":44,"members":[]}}}}],"lifecycleHooks":[]},"useFactory":null,"deps":[{"isAttribute":false,"isHost":false,"isSelf":false,"isSkipSelf":false,"isOptional":false,"token":{"identifier":{"reference":{"__symbol":43,"members":[]}}}},{"isAttribute":false,"isHost":false,"isSelf":false,"isSkipSelf":false,"isOptional":false,"token":{"identifier":{"reference":{"__symbol":44,"members":[]}}}}],"multi":false},"module":{"reference":{"__symbol":32,"members":[]},"diDeps":[{"isAttribute":false,"isHost":false,"isSelf":false,"isSkipSelf":true,"isOptional":true,"token":{"identifier":{"reference":{"__symbol":32,"members":[]}}}}],"lifecycleHooks":[]}},{"provider":{"token":{"identifier":{"reference":{"__symbol":45,"members":[]}}},"useClass":null,"useFactory":null,"useExisting":{"identifier":{"reference":{"__symbol":42,"members":[]}}},"multi":false},"module":{"reference":{"__symbol":32,"members":[]},"diDeps":[{"isAttribute":false,"isHost":false,"isSelf":false,"isSkipSelf":true,"isOptional":true,"token":{"identifier":{"reference":{"__symbol":32,"members":[]}}}}],"lifecycleHooks":[]}},{"provider":{"token":{"identifier":{"reference":{"__symbol":46,"members":[]}}},"useClass":null,"useFactory":null,"useExisting":{"identifier":{"reference":{"__symbol":44,"members":[]}}},"multi":false},"module":{"reference":{"__symbol":32,"members":[]},"diDeps":[{"isAttribute":false,"isHost":false,"isSelf":false,"isSkipSelf":true,"isOptional":true,"token":{"identifier":{"reference":{"__symbol":32,"members":[]}}}}],"lifecycleHooks":[]}},{"provider":{"token":{"identifier":{"reference":{"__symbol":44,"members":[]},"diDeps":[{"isAttribute":false,"isHost":false,"isSelf":false,"isSkipSelf":false,"isOptional":false,"token":{"identifier":{"reference":{"__symbol":34,"members":[]}}}}],"lifecycleHooks":[1]}},"useClass":{"reference":{"__symbol":44,"members":[]},"diDeps":[{"isAttribute":false,"isHost":false,"isSelf":false,"isSkipSelf":false,"isOptional":false,"token":{"identifier":{"reference":{"__symbol":34,"members":[]}}}}],"lifecycleHooks":[1]},"useFactory":null,"deps":[{"isAttribute":false,"isHost":false,"isSelf":false,"isSkipSelf":false,"isOptional":false,"token":{"identifier":{"reference":{"__symbol":34,"members":[]}}}}],"multi":false},"module":{"reference":{"__symbol":32,"members":[]},"diDeps":[{"isAttribute":false,"isHost":false,"isSelf":false,"isSkipSelf":true,"isOptional":true,"token":{"identifier":{"reference":{"__symbol":32,"members":[]}}}}],"lifecycleHooks":[]}},{"provider":{"token":{"identifier":{"reference":{"__symbol":47,"members":[]},"diDeps":[{"isAttribute":false,"isHost":false,"isSelf":false,"isSkipSelf":false,"isOptional":false,"token":{"identifier":{"reference":{"__symbol":12,"members":[]}}}}],"lifecycleHooks":[]}},"useClass":{"reference":{"__symbol":47,"members":[]},"diDeps":[{"isAttribute":false,"isHost":false,"isSelf":false,"isSkipSelf":false,"isOptional":false,"token":{"identifier":{"reference":{"__symbol":12,"members":[]}}}}],"lifecycleHooks":[]},"useFactory":null,"deps":[{"isAttribute":false,"isHost":false,"isSelf":false,"isSkipSelf":false,"isOptional":false,"token":{"identifier":{"reference":{"__symbol":12,"members":[]}}}}],"multi":false},"module":{"reference":{"__symbol":32,"members":[]},"diDeps":[{"isAttribute":false,"isHost":false,"isSelf":false,"isSkipSelf":true,"isOptional":true,"token":{"identifier":{"reference":{"__symbol":32,"members":[]}}}}],"lifecycleHooks":[]}},{"provider":{"token":{"identifier":{"reference":{"__symbol":43,"members":[]},"diDeps":[{"isAttribute":false,"isHost":false,"isSelf":false,"isSkipSelf":false,"isOptional":false,"token":{"identifier":{"reference":{"__symbol":36,"members":[]}}}},{"isAttribute":false,"isHost":false,"isSelf":false,"isSkipSelf":false,"isOptional":false,"token":{"identifier":{"reference":{"__symbol":12,"members":[]}}}}],"lifecycleHooks":[]}},"useClass":{"reference":{"__symbol":43,"members":[]},"diDeps":[{"isAttribute":false,"isHost":false,"isSelf":false,"isSkipSelf":false,"isOptional":false,"token":{"identifier":{"reference":{"__symbol":36,"members":[]}}}},{"isAttribute":false,"isHost":false,"isSelf":false,"isSkipSelf":false,"isOptional":false,"token":{"identifier":{"reference":{"__symbol":12,"members":[]}}}}],"lifecycleHooks":[]},"useFactory":null,"deps":[{"isAttribute":false,"isHost":false,"isSelf":false,"isSkipSelf":false,"isOptional":false,"token":{"identifier":{"reference":{"__symbol":36,"members":[]}}}},{"isAttribute":false,"isHost":false,"isSelf":false,"isSkipSelf":false,"isOptional":false,"token":{"identifier":{"reference":{"__symbol":12,"members":[]}}}}],"multi":false},"module":{"reference":{"__symbol":32,"members":[]},"diDeps":[{"isAttribute":false,"isHost":false,"isSelf":false,"isSkipSelf":true,"isOptional":true,"token":{"identifier":{"reference":{"__symbol":32,"members":[]}}}}],"lifecycleHooks":[]}},{"provider":{"token":{"identifier":{"reference":{"__symbol":20,"members":[]}}},"useClass":null,"useFactory":{"reference":{"__symbol":48,"members":[]},"diDeps":[{"isAttribute":false,"isHost":false,"isSelf":false,"isSkipSelf":false,"isOptional":true,"token":{"identifier":{"reference":{"__symbol":49,"members":[]}}}},{"isAttribute":false,"isHost":false,"isSelf":false,"isSkipSelf":false,"isOptional":true,"token":{"identifier":{"reference":{"__symbol":50,"members":[]}}}}]},"deps":[{"isAttribute":false,"isHost":false,"isSelf":false,"isSkipSelf":false,"isOptional":true,"token":{"identifier":{"reference":{"__symbol":49,"members":[]}}}},{"isAttribute":false,"isHost":false,"isSelf":false,"isSkipSelf":false,"isOptional":true,"token":{"identifier":{"reference":{"__symbol":50,"members":[]}}}}],"multi":true},"module":{"reference":{"__symbol":32,"members":[]},"diDeps":[{"isAttribute":false,"isHost":false,"isSelf":false,"isSkipSelf":true,"isOptional":true,"token":{"identifier":{"reference":{"__symbol":32,"members":[]}}}}],"lifecycleHooks":[]}},{"provider":{"token":{"identifier":{"reference":{"__symbol":51,"members":[]},"diDeps":[{"isAttribute":false,"isHost":false,"isSelf":false,"isSkipSelf":false,"isOptional":false,"token":{"identifier":{"reference":{"__symbol":34,"members":[]}}}}],"lifecycleHooks":[]}},"useClass":{"reference":{"__symbol":51,"members":[]},"diDeps":[{"isAttribute":false,"isHost":false,"isSelf":false,"isSkipSelf":false,"isOptional":false,"token":{"identifier":{"reference":{"__symbol":34,"members":[]}}}}],"lifecycleHooks":[]},"useFactory":null,"deps":[{"isAttribute":false,"isHost":false,"isSelf":false,"isSkipSelf":false,"isOptional":false,"token":{"identifier":{"reference":{"__symbol":34,"members":[]}}}}],"multi":false},"module":{"reference":{"__symbol":32,"members":[]},"diDeps":[{"isAttribute":false,"isHost":false,"isSelf":false,"isSkipSelf":true,"isOptional":true,"token":{"identifier":{"reference":{"__symbol":32,"members":[]}}}}],"lifecycleHooks":[]}},{"provider":{"token":{"identifier":{"reference":{"__symbol":52,"members":[]},"diDeps":[{"isAttribute":false,"isHost":false,"isSelf":false,"isSkipSelf":false,"isOptional":false,"token":{"identifier":{"reference":{"__symbol":34,"members":[]}}}}],"lifecycleHooks":[]}},"useClass":{"reference":{"__symbol":52,"members":[]},"diDeps":[{"isAttribute":false,"isHost":false,"isSelf":false,"isSkipSelf":false,"isOptional":false,"token":{"identifier":{"reference":{"__symbol":34,"members":[]}}}}],"lifecycleHooks":[]},"useFactory":null,"deps":[{"isAttribute":false,"isHost":false,"isSelf":false,"isSkipSelf":false,"isOptional":false,"token":{"identifier":{"reference":{"__symbol":34,"members":[]}}}}],"multi":false},"module":{"reference":{"__symbol":32,"members":[]},"diDeps":[{"isAttribute":false,"isHost":false,"isSelf":false,"isSkipSelf":true,"isOptional":true,"token":{"identifier":{"reference":{"__symbol":32,"members":[]}}}}],"lifecycleHooks":[]}},{"provider":{"token":{"identifier":{"reference":{"__symbol":53,"members":[]}}},"useClass":null,"useFactory":{"reference":{"__symbol":54,"members":[]},"diDeps":[{"isAttribute":false,"isHost":false,"isSelf":false,"isSkipSelf":false,"isOptional":false,"token":{"identifier":{"reference":{"__symbol":55,"members":[]}}}},{"isAttribute":false,"isHost":false,"isSelf":false,"isSkipSelf":false,"isOptional":false,"token":{"identifier":{"reference":{"__symbol":56,"members":[]}}}}]},"deps":[{"isAttribute":false,"isHost":false,"isSelf":false,"isSkipSelf":false,"isOptional":false,"token":{"identifier":{"reference":{"__symbol":55,"members":[]}}}},{"isAttribute":false,"isHost":false,"isSelf":false,"isSkipSelf":false,"isOptional":false,"token":{"identifier":{"reference":{"__symbol":56,"members":[]}}}}],"multi":false},"module":{"reference":{"__symbol":57,"members":[]},"diDeps":[],"lifecycleHooks":[]}},{"provider":{"token":{"identifier":{"reference":{"__symbol":58,"members":[]},"diDeps":[],"lifecycleHooks":[]}},"useClass":{"reference":{"__symbol":58,"members":[]},"diDeps":[],"lifecycleHooks":[]},"useFactory":null,"deps":[],"multi":false},"module":{"reference":{"__symbol":57,"members":[]},"diDeps":[],"lifecycleHooks":[]}},{"provider":{"token":{"identifier":{"reference":{"__symbol":56,"members":[]}}},"useClass":{"reference":{"__symbol":59,"members":[]},"diDeps":[],"lifecycleHooks":[]},"useFactory":null,"deps":[],"multi":false},"module":{"reference":{"__symbol":57,"members":[]},"diDeps":[],"lifecycleHooks":[]}},{"provider":{"token":{"identifier":{"reference":{"__symbol":60,"members":[]}}},"useClass":{"reference":{"__symbol":61,"members":[]},"diDeps":[],"lifecycleHooks":[]},"useFactory":null,"deps":[],"multi":false},"module":{"reference":{"__symbol":57,"members":[]},"diDeps":[],"lifecycleHooks":[]}},{"provider":{"token":{"identifier":{"reference":{"__symbol":55,"members":[]},"diDeps":[{"isAttribute":false,"isHost":false,"isSelf":false,"isSkipSelf":false,"isOptional":false,"token":{"identifier":{"reference":{"__symbol":58,"members":[]}}}},{"isAttribute":false,"isHost":false,"isSelf":false,"isSkipSelf":false,"isOptional":false,"token":{"identifier":{"reference":{"__symbol":60,"members":[]}}}},{"isAttribute":false,"isHost":false,"isSelf":false,"isSkipSelf":false,"isOptional":false,"token":{"identifier":{"reference":{"__symbol":62,"members":[]}}}}],"lifecycleHooks":[]}},"useClass":{"reference":{"__symbol":55,"members":[]},"diDeps":[{"isAttribute":false,"isHost":false,"isSelf":false,"isSkipSelf":false,"isOptional":false,"token":{"identifier":{"reference":{"__symbol":58,"members":[]}}}},{"isAttribute":false,"isHost":false,"isSelf":false,"isSkipSelf":false,"isOptional":false,"token":{"identifier":{"reference":{"__symbol":60,"members":[]}}}},{"isAttribute":false,"isHost":false,"isSelf":false,"isSkipSelf":false,"isOptional":false,"token":{"identifier":{"reference":{"__symbol":62,"members":[]}}}}],"lifecycleHooks":[]},"useFactory":null,"deps":[{"isAttribute":false,"isHost":false,"isSelf":false,"isSkipSelf":false,"isOptional":false,"token":{"identifier":{"reference":{"__symbol":58,"members":[]}}}},{"isAttribute":false,"isHost":false,"isSelf":false,"isSkipSelf":false,"isOptional":false,"token":{"identifier":{"reference":{"__symbol":60,"members":[]}}}},{"isAttribute":false,"isHost":false,"isSelf":false,"isSkipSelf":false,"isOptional":false,"token":{"identifier":{"reference":{"__symbol":62,"members":[]}}}}],"multi":false},"module":{"reference":{"__symbol":57,"members":[]},"diDeps":[],"lifecycleHooks":[]}},{"provider":{"token":{"identifier":{"reference":{"__symbol":62,"members":[]}}},"useClass":null,"useFactory":{"reference":{"__symbol":63,"members":[]},"diDeps":[]},"deps":[],"multi":false},"module":{"reference":{"__symbol":57,"members":[]},"diDeps":[],"lifecycleHooks":[]}},{"provider":{"token":{"identifier":{"reference":{"__symbol":64,"members":[]},"diDeps":[],"lifecycleHooks":[]}},"useClass":{"reference":{"__symbol":64,"members":[]},"diDeps":[],"lifecycleHooks":[]},"useFactory":null,"deps":[],"multi":false},"module":{"reference":{"__symbol":65,"members":[]},"diDeps":[],"lifecycleHooks":[]}},{"provider":{"token":{"identifier":{"reference":{"__symbol":66,"members":[]},"diDeps":[{"isAttribute":false,"isHost":false,"isSelf":false,"isSkipSelf":false,"isOptional":false,"token":{"identifier":{"reference":{"__symbol":53,"members":[]}}}},{"isAttribute":false,"isHost":false,"isSelf":false,"isSkipSelf":false,"isOptional":false,"token":{"identifier":{"reference":{"__symbol":67,"members":[]}}}}],"lifecycleHooks":[]}},"useClass":{"reference":{"__symbol":66,"members":[]},"diDeps":[{"isAttribute":false,"isHost":false,"isSelf":false,"isSkipSelf":false,"isOptional":false,"token":{"identifier":{"reference":{"__symbol":53,"members":[]}}}},{"isAttribute":false,"isHost":false,"isSelf":false,"isSkipSelf":false,"isOptional":false,"token":{"identifier":{"reference":{"__symbol":67,"members":[]}}}}],"lifecycleHooks":[]},"useFactory":null,"deps":[{"isAttribute":false,"isHost":false,"isSelf":false,"isSkipSelf":false,"isOptional":false,"token":{"identifier":{"reference":{"__symbol":53,"members":[]}}}},{"isAttribute":false,"isHost":false,"isSelf":false,"isSkipSelf":false,"isOptional":false,"token":{"identifier":{"reference":{"__symbol":67,"members":[]}}}}],"multi":false},"module":{"reference":{"__symbol":68,"members":[]},"diDeps":[],"lifecycleHooks":[]}},{"provider":{"token":{"identifier":{"reference":{"__symbol":69,"members":[]},"diDeps":[{"isAttribute":false,"isHost":false,"isSelf":false,"isSkipSelf":false,"isOptional":false,"token":{"identifier":{"reference":{"__symbol":70,"members":[]}}}}],"lifecycleHooks":[]}},"useClass":{"reference":{"__symbol":69,"members":[]},"diDeps":[{"isAttribute":false,"isHost":false,"isSelf":false,"isSkipSelf":false,"isOptional":false,"token":{"identifier":{"reference":{"__symbol":70,"members":[]}}}}],"lifecycleHooks":[]},"useFactory":null,"deps":[{"isAttribute":false,"isHost":false,"isSelf":false,"isSkipSelf":false,"isOptional":false,"token":{"identifier":{"reference":{"__symbol":70,"members":[]}}}}],"multi":false},"module":{"reference":{"__symbol":0,"members":[]},"diDeps":[],"lifecycleHooks":[]}},{"provider":{"token":{"identifier":{"reference":{"__symbol":71,"members":[]}}},"useClass":{"reference":{"__symbol":72,"members":[]},"diDeps":[],"lifecycleHooks":[]},"useFactory":null,"deps":[],"multi":false},"module":{"reference":{"__symbol":0,"members":[]},"diDeps":[],"lifecycleHooks":[]}},{"provider":{"token":{"identifier":{"reference":{"__symbol":73,"members":[]}}},"useClass":null,"useFactory":{"reference":{"__symbol":74,"members":[]},"diDeps":[{"isAttribute":false,"isHost":false,"isSelf":false,"isSkipSelf":false,"isOptional":false,"token":{"identifier":{"reference":{"__symbol":19,"members":[]}}}},{"isAttribute":false,"isHost":false,"isSelf":false,"isSkipSelf":false,"isOptional":false,"token":{"identifier":{"reference":{"__symbol":71,"members":[]}}}},{"isAttribute":false,"isHost":false,"isSelf":false,"isSkipSelf":false,"isOptional":false,"token":{"identifier":{"reference":{"__symbol":75,"members":[]}}}},{"isAttribute":false,"isHost":false,"isSelf":false,"isSkipSelf":false,"isOptional":false,"token":{"identifier":{"reference":{"__symbol":69,"members":[]}}}},{"isAttribute":false,"isHost":false,"isSelf":false,"isSkipSelf":false,"isOptional":false,"token":{"identifier":{"reference":{"__symbol":14,"members":[]}}}},{"isAttribute":false,"isHost":false,"isSelf":false,"isSkipSelf":false,"isOptional":false,"token":{"identifier":{"reference":{"__symbol":76,"members":[]}}}},{"isAttribute":false,"isHost":false,"isSelf":false,"isSkipSelf":false,"isOptional":false,"token":{"identifier":{"reference":{"__symbol":21,"members":[]}}}},{"isAttribute":false,"isHost":false,"isSelf":false,"isSkipSelf":false,"isOptional":false,"token":{"identifier":{"reference":{"__symbol":77,"members":[]}}}},{"isAttribute":false,"isHost":false,"isSelf":false,"isSkipSelf":false,"isOptional":false,"token":{"identifier":{"reference":{"__symbol":78,"members":[]}}}},{"isAttribute":false,"isHost":false,"isSelf":false,"isSkipSelf":false,"isOptional":true,"token":{"identifier":{"reference":{"__symbol":79,"members":[]}}}},{"isAttribute":false,"isHost":false,"isSelf":false,"isSkipSelf":false,"isOptional":true,"token":{"identifier":{"reference":{"__symbol":80,"members":[]}}}}]},"deps":[{"isAttribute":false,"isHost":false,"isSelf":false,"isSkipSelf":false,"isOptional":false,"token":{"identifier":{"reference":{"__symbol":19,"members":[]}}}},{"isAttribute":false,"isHost":false,"isSelf":false,"isSkipSelf":false,"isOptional":false,"token":{"identifier":{"reference":{"__symbol":71,"members":[]}}}},{"isAttribute":false,"isHost":false,"isSelf":false,"isSkipSelf":false,"isOptional":false,"token":{"identifier":{"reference":{"__symbol":75,"members":[]}}}},{"isAttribute":false,"isHost":false,"isSelf":false,"isSkipSelf":false,"isOptional":false,"token":{"identifier":{"reference":{"__symbol":69,"members":[]}}}},{"isAttribute":false,"isHost":false,"isSelf":false,"isSkipSelf":false,"isOptional":false,"token":{"identifier":{"reference":{"__symbol":14,"members":[]}}}},{"isAttribute":false,"isHost":false,"isSelf":false,"isSkipSelf":false,"isOptional":false,"token":{"identifier":{"reference":{"__symbol":76,"members":[]}}}},{"isAttribute":false,"isHost":false,"isSelf":false,"isSkipSelf":false,"isOptional":false,"token":{"identifier":{"reference":{"__symbol":21,"members":[]}}}},{"isAttribute":false,"isHost":false,"isSelf":false,"isSkipSelf":false,"isOptional":false,"token":{"identifier":{"reference":{"__symbol":77,"members":[]}}}},{"isAttribute":false,"isHost":false,"isSelf":false,"isSkipSelf":false,"isOptional":false,"token":{"identifier":{"reference":{"__symbol":78,"members":[]}}}},{"isAttribute":false,"isHost":false,"isSelf":false,"isSkipSelf":false,"isOptional":true,"token":{"identifier":{"reference":{"__symbol":79,"members":[]}}}},{"isAttribute":false,"isHost":false,"isSelf":false,"isSkipSelf":false,"isOptional":true,"token":{"identifier":{"reference":{"__symbol":80,"members":[]}}}}],"multi":false},"module":{"reference":{"__symbol":0,"members":[]},"diDeps":[],"lifecycleHooks":[]}},{"provider":{"token":{"identifier":{"reference":{"__symbol":75,"members":[]},"diDeps":[],"lifecycleHooks":[]}},"useClass":{"reference":{"__symbol":75,"members":[]},"diDeps":[],"lifecycleHooks":[]},"useFactory":null,"deps":[],"multi":false},"module":{"reference":{"__symbol":0,"members":[]},"diDeps":[],"lifecycleHooks":[]}},{"provider":{"token":{"identifier":{"reference":{"__symbol":81,"members":[]}}},"useClass":null,"useFactory":{"reference":{"__symbol":82,"members":[]},"diDeps":[{"isAttribute":false,"isHost":false,"isSelf":false,"isSkipSelf":false,"isOptional":false,"token":{"identifier":{"reference":{"__symbol":73,"members":[]}}}}]},"deps":[{"isAttribute":false,"isHost":false,"isSelf":false,"isSkipSelf":false,"isOptional":false,"token":{"identifier":{"reference":{"__symbol":73,"members":[]}}}}],"multi":false},"module":{"reference":{"__symbol":0,"members":[]},"diDeps":[],"lifecycleHooks":[]}},{"provider":{"token":{"identifier":{"reference":{"__symbol":76,"members":[]}}},"useClass":{"reference":{"__symbol":83,"members":[]},"diDeps":[{"isAttribute":false,"isHost":false,"isSelf":false,"isSkipSelf":false,"isOptional":false,"token":{"identifier":{"reference":{"__symbol":21,"members":[]}}}},{"isAttribute":false,"isHost":false,"isSelf":false,"isSkipSelf":false,"isOptional":true,"token":{"identifier":{"reference":{"__symbol":84,"members":[]}}}}],"lifecycleHooks":[]},"useFactory":null,"deps":[{"isAttribute":false,"isHost":false,"isSelf":false,"isSkipSelf":false,"isOptional":false,"token":{"identifier":{"reference":{"__symbol":21,"members":[]}}}},{"isAttribute":false,"isHost":false,"isSelf":false,"isSkipSelf":false,"isOptional":true,"token":{"identifier":{"reference":{"__symbol":84,"members":[]}}}}],"multi":false},"module":{"reference":{"__symbol":0,"members":[]},"diDeps":[],"lifecycleHooks":[]}},{"provider":{"token":{"identifier":{"reference":{"__symbol":85,"members":[]},"diDeps":[{"isAttribute":false,"isHost":false,"isSelf":false,"isSkipSelf":false,"isOptional":false,"token":{"identifier":{"reference":{"__symbol":73,"members":[]}}}},{"isAttribute":false,"isHost":false,"isSelf":false,"isSkipSelf":false,"isOptional":false,"token":{"identifier":{"reference":{"__symbol":76,"members":[]}}}},{"isAttribute":false,"isHost":false,"isSelf":false,"isSkipSelf":false,"isOptional":false,"token":{"identifier":{"reference":{"__symbol":21,"members":[]}}}},{"isAttribute":false,"isHost":false,"isSelf":false,"isSkipSelf":false,"isOptional":false,"token":{"identifier":{"reference":{"__symbol":14,"members":[]}}}},{"isAttribute":false,"isHost":false,"isSelf":false,"isSkipSelf":false,"isOptional":false,"token":{"identifier":{"reference":{"__symbol":86,"members":[]}}}}],"lifecycleHooks":[1]}},"useClass":{"reference":{"__symbol":85,"members":[]},"diDeps":[{"isAttribute":false,"isHost":false,"isSelf":false,"isSkipSelf":false,"isOptional":false,"token":{"identifier":{"reference":{"__symbol":73,"members":[]}}}},{"isAttribute":false,"isHost":false,"isSelf":false,"isSkipSelf":false,"isOptional":false,"token":{"identifier":{"reference":{"__symbol":76,"members":[]}}}},{"isAttribute":false,"isHost":false,"isSelf":false,"isSkipSelf":false,"isOptional":false,"token":{"identifier":{"reference":{"__symbol":21,"members":[]}}}},{"isAttribute":false,"isHost":false,"isSelf":false,"isSkipSelf":false,"isOptional":false,"token":{"identifier":{"reference":{"__symbol":14,"members":[]}}}},{"isAttribute":false,"isHost":false,"isSelf":false,"isSkipSelf":false,"isOptional":false,"token":{"identifier":{"reference":{"__symbol":86,"members":[]}}}}],"lifecycleHooks":[1]},"useFactory":null,"deps":[{"isAttribute":false,"isHost":false,"isSelf":false,"isSkipSelf":false,"isOptional":false,"token":{"identifier":{"reference":{"__symbol":73,"members":[]}}}},{"isAttribute":false,"isHost":false,"isSelf":false,"isSkipSelf":false,"isOptional":false,"token":{"identifier":{"reference":{"__symbol":76,"members":[]}}}},{"isAttribute":false,"isHost":false,"isSelf":false,"isSkipSelf":false,"isOptional":false,"token":{"identifier":{"reference":{"__symbol":21,"members":[]}}}},{"isAttribute":false,"isHost":false,"isSelf":false,"isSkipSelf":false,"isOptional":false,"token":{"identifier":{"reference":{"__symbol":14,"members":[]}}}},{"isAttribute":false,"isHost":false,"isSelf":false,"isSkipSelf":false,"isOptional":false,"token":{"identifier":{"reference":{"__symbol":86,"members":[]}}}}],"multi":false},"module":{"reference":{"__symbol":0,"members":[]},"diDeps":[],"lifecycleHooks":[]}},{"provider":{"token":{"identifier":{"reference":{"__symbol":87,"members":[]},"diDeps":[],"lifecycleHooks":[]}},"useClass":{"reference":{"__symbol":87,"members":[]},"diDeps":[],"lifecycleHooks":[]},"useFactory":null,"deps":[],"multi":false},"module":{"reference":{"__symbol":0,"members":[]},"diDeps":[],"lifecycleHooks":[]}},{"provider":{"token":{"identifier":{"reference":{"__symbol":88,"members":[]},"diDeps":[],"lifecycleHooks":[]}},"useClass":{"reference":{"__symbol":88,"members":[]},"diDeps":[],"lifecycleHooks":[]},"useFactory":null,"deps":[],"multi":false},"module":{"reference":{"__symbol":0,"members":[]},"diDeps":[],"lifecycleHooks":[]}},{"provider":{"token":{"identifier":{"reference":{"__symbol":78,"members":[]}}},"useClass":null,"useValue":{"enableTracing":false},"useFactory":null,"multi":false},"module":{"reference":{"__symbol":0,"members":[]},"diDeps":[],"lifecycleHooks":[]}},{"provider":{"token":{"identifier":{"reference":{"__symbol":77,"members":[]}}},"useClass":null,"useValue":[{"path":"","redirectTo":"messages","pathMatch":"full"},{"path":"messages","component":{"__symbol":1,"members":[]}},{"path":"auth","component":{"__symbol":3,"members":[]},"loadChildren":"./auth/auth.module#AuthModule"}],"useFactory":null,"multi":true},"module":{"reference":{"__symbol":0,"members":[]},"diDeps":[],"lifecycleHooks":[]}},{"provider":{"token":{"identifier":{"reference":{"__symbol":89,"members":[]}}},"useClass":null,"useFactory":{"reference":{"__symbol":90,"members":[]},"diDeps":[{"isAttribute":false,"isHost":false,"isSelf":false,"isSkipSelf":true,"isOptional":true,"token":{"identifier":{"reference":{"__symbol":73,"members":[]}}}}]},"deps":[{"isAttribute":false,"isHost":false,"isSelf":false,"isSkipSelf":true,"isOptional":true,"token":{"identifier":{"reference":{"__symbol":73,"members":[]}}}}],"multi":false},"module":{"reference":{"__symbol":0,"members":[]},"diDeps":[],"lifecycleHooks":[]}},{"provider":{"token":{"identifier":{"reference":{"__symbol":78,"members":[]}}},"useClass":null,"useValue":{},"useFactory":null,"multi":false},"module":{"reference":{"__symbol":0,"members":[]},"diDeps":[],"lifecycleHooks":[]}},{"provider":{"token":{"identifier":{"reference":{"__symbol":70,"members":[]}}},"useClass":null,"useFactory":{"reference":{"__symbol":91,"members":[]},"diDeps":[{"isAttribute":false,"isHost":false,"isSelf":false,"isSkipSelf":false,"isOptional":false,"token":{"identifier":{"reference":{"__symbol":92,"members":[]}}}},{"isAttribute":false,"isHost":false,"isSelf":false,"isSkipSelf":false,"isOptional":true,"token":{"identifier":{"reference":{"__symbol":93,"members":[]}}}},{"isAttribute":false,"isHost":false,"isSelf":false,"isSkipSelf":false,"isOptional":false,"token":{"identifier":{"reference":{"__symbol":78,"members":[]}}}}]},"deps":[{"isAttribute":false,"isHost":false,"isSelf":false,"isSkipSelf":false,"isOptional":false,"token":{"identifier":{"reference":{"__symbol":92,"members":[]}}}},{"isAttribute":false,"isHost":false,"isSelf":false,"isSkipSelf":false,"isOptional":true,"token":{"identifier":{"reference":{"__symbol":93,"members":[]}}}},{"isAttribute":false,"isHost":false,"isSelf":false,"isSkipSelf":false,"isOptional":false,"token":{"identifier":{"reference":{"__symbol":78,"members":[]}}}}],"multi":false},"module":{"reference":{"__symbol":0,"members":[]},"diDeps":[],"lifecycleHooks":[]}},{"provider":{"token":{"identifier":{"reference":{"__symbol":86,"members":[]}}},"useClass":null,"useFactory":null,"useExisting":{"identifier":{"reference":{"__symbol":87,"members":[]}}},"multi":false},"module":{"reference":{"__symbol":0,"members":[]},"diDeps":[],"lifecycleHooks":[]}},{"provider":{"token":{"identifier":{"reference":{"__symbol":50,"members":[]}}},"useClass":null,"useFactory":{"reference":{"__symbol":94,"members":[]},"diDeps":[]},"deps":[],"multi":true},"module":{"reference":{"__symbol":0,"members":[]},"diDeps":[],"lifecycleHooks":[]}},{"provider":{"token":{"identifier":{"reference":{"__symbol":95,"members":[]},"diDeps":[{"isAttribute":false,"isHost":false,"isSelf":false,"isSkipSelf":false,"isOptional":false,"token":{"identifier":{"reference":{"__symbol":14,"members":[]}}}}],"lifecycleHooks":[]}},"useClass":{"reference":{"__symbol":95,"members":[]},"diDeps":[{"isAttribute":false,"isHost":false,"isSelf":false,"isSkipSelf":false,"isOptional":false,"token":{"identifier":{"reference":{"__symbol":14,"members":[]}}}}],"lifecycleHooks":[]},"useFactory":null,"deps":[{"isAttribute":false,"isHost":false,"isSelf":false,"isSkipSelf":false,"isOptional":false,"token":{"identifier":{"reference":{"__symbol":14,"members":[]}}}}],"multi":false},"module":{"reference":{"__symbol":0,"members":[]},"diDeps":[],"lifecycleHooks":[]}},{"provider":{"token":{"identifier":{"reference":{"__symbol":20,"members":[]}}},"useClass":null,"useFactory":{"reference":{"__symbol":96,"members":[]},"diDeps":[{"isAttribute":false,"isHost":false,"isSelf":false,"isSkipSelf":false,"isOptional":false,"token":{"identifier":{"reference":{"__symbol":95,"members":[]}}}}]},"deps":[{"isAttribute":false,"isHost":false,"isSelf":false,"isSkipSelf":false,"isOptional":false,"token":{"identifier":{"reference":{"__symbol":95,"members":[]}}}}],"multi":true},"module":{"reference":{"__symbol":0,"members":[]},"diDeps":[],"lifecycleHooks":[]}},{"provider":{"token":{"identifier":{"reference":{"__symbol":97,"members":[]}}},"useClass":null,"useFactory":{"reference":{"__symbol":98,"members":[]},"diDeps":[{"isAttribute":false,"isHost":false,"isSelf":false,"isSkipSelf":false,"isOptional":false,"token":{"identifier":{"reference":{"__symbol":95,"members":[]}}}}]},"deps":[{"isAttribute":false,"isHost":false,"isSelf":false,"isSkipSelf":false,"isOptional":false,"token":{"identifier":{"reference":{"__symbol":95,"members":[]}}}}],"multi":false},"module":{"reference":{"__symbol":0,"members":[]},"diDeps":[],"lifecycleHooks":[]}},{"provider":{"token":{"identifier":{"reference":{"__symbol":99,"members":[]}}},"useClass":null,"useFactory":null,"useExisting":{"identifier":{"reference":{"__symbol":97,"members":[]}}},"multi":true},"module":{"reference":{"__symbol":0,"members":[]},"diDeps":[],"lifecycleHooks":[]}},{"provider":{"token":{"identifier":{"reference":{"__symbol":100,"members":[]},"diDeps":[{"isAttribute":false,"isHost":false,"isSelf":false,"isSkipSelf":false,"isOptional":false,"token":{"identifier":{"reference":{"__symbol":53,"members":[]}}}},{"isAttribute":false,"isHost":false,"isSelf":false,"isSkipSelf":false,"isOptional":false,"token":{"identifier":{"reference":{"__symbol":67,"members":[]}}}}],"lifecycleHooks":[]}},"useClass":{"reference":{"__symbol":100,"members":[]},"diDeps":[{"isAttribute":false,"isHost":false,"isSelf":false,"isSkipSelf":false,"isOptional":false,"token":{"identifier":{"reference":{"__symbol":53,"members":[]}}}},{"isAttribute":false,"isHost":false,"isSelf":false,"isSkipSelf":false,"isOptional":false,"token":{"identifier":{"reference":{"__symbol":67,"members":[]}}}}],"lifecycleHooks":[]},"useFactory":null,"deps":[{"isAttribute":false,"isHost":false,"isSelf":false,"isSkipSelf":false,"isOptional":false,"token":{"identifier":{"reference":{"__symbol":53,"members":[]}}}},{"isAttribute":false,"isHost":false,"isSelf":false,"isSkipSelf":false,"isOptional":false,"token":{"identifier":{"reference":{"__symbol":67,"members":[]}}}}],"multi":false},"module":{"reference":{"__symbol":0,"members":[]},"diDeps":[],"lifecycleHooks":[]}},{"provider":{"token":{"identifier":{"reference":{"__symbol":67,"members":[]},"diDeps":[],"lifecycleHooks":[]}},"useClass":{"reference":{"__symbol":67,"members":[]},"diDeps":[],"lifecycleHooks":[]},"useFactory":null,"deps":[],"multi":false},"module":{"reference":{"__symbol":0,"members":[]},"diDeps":[],"lifecycleHooks":[]}}],"modules":[{"reference":{"__symbol":10,"members":[]},"diDeps":[],"lifecycleHooks":[]},{"reference":{"__symbol":18,"members":[]},"diDeps":[{"isAttribute":false,"isHost":false,"isSelf":false,"isSkipSelf":false,"isOptional":false,"token":{"identifier":{"reference":{"__symbol":19,"members":[]}}}}],"lifecycleHooks":[]},{"reference":{"__symbol":32,"members":[]},"diDeps":[{"isAttribute":false,"isHost":false,"isSelf":false,"isSkipSelf":true,"isOptional":true,"token":{"identifier":{"reference":{"__symbol":32,"members":[]}}}}],"lifecycleHooks":[]},{"reference":{"__symbol":101,"members":[]},"diDeps":[{"isAttribute":false,"isHost":false,"isSelf":false,"isSkipSelf":false,"isOptional":true,"token":{"identifier":{"reference":{"__symbol":89,"members":[]}}}},{"isAttribute":false,"isHost":false,"isSelf":false,"isSkipSelf":false,"isOptional":true,"token":{"identifier":{"reference":{"__symbol":73,"members":[]}}}}],"lifecycleHooks":[]},{"reference":{"__symbol":57,"members":[]},"diDeps":[],"lifecycleHooks":[]},{"reference":{"__symbol":102,"members":[]},"diDeps":[],"lifecycleHooks":[]},{"reference":{"__symbol":65,"members":[]},"diDeps":[],"lifecycleHooks":[]},{"reference":{"__symbol":68,"members":[]},"diDeps":[],"lifecycleHooks":[]},{"reference":{"__symbol":0,"members":[]},"diDeps":[],"lifecycleHooks":[]}],"exportedDirectives":[],"exportedPipes":[]}}],"symbols":[{"__symbol":0,"name":"AppModule","filePath":"C:/Users/tarat/Dropbox/Project/angular2-nodejs/assets/app/app.module.d.ts"},{"__symbol":1,"name":"MessagesComponent","filePath":"C:/Users/tarat/Dropbox/Project/angular2-nodejs/assets/app/message/messages.component.d.ts"},{"__symbol":2,"name":"MessagesComponentNgFactory","filePath":"C:/Users/tarat/Dropbox/Project/angular2-nodejs/assets/app/message/messages.component.ngfactory.d.ts"},{"__symbol":3,"name":"AuthenticationComponent","filePath":"C:/Users/tarat/Dropbox/Project/angular2-nodejs/assets/app/auth/authentication.component.d.ts"},{"__symbol":4,"name":"AuthenticationComponentNgFactory","filePath":"C:/Users/tarat/Dropbox/Project/angular2-nodejs/assets/app/auth/authentication.component.ngfactory.d.ts"},{"__symbol":5,"name":"AppComponent","filePath":"C:/Users/tarat/Dropbox/Project/angular2-nodejs/assets/app/app.component.d.ts"},{"__symbol":6,"name":"AppComponentNgFactory","filePath":"C:/Users/tarat/Dropbox/Project/angular2-nodejs/assets/app/app.component.ngfactory.d.ts"},{"__symbol":7,"name":"NgLocalization","filePath":"C:/Users/tarat/Dropbox/Project/angular2-nodejs/node_modules/@angular/common/common.d.ts"},{"__symbol":8,"name":"NgLocaleLocalization","filePath":"C:/Users/tarat/Dropbox/Project/angular2-nodejs/node_modules/@angular/common/common.d.ts"},{"__symbol":9,"name":"LOCALE_ID","filePath":"C:/Users/tarat/Dropbox/Project/angular2-nodejs/node_modules/@angular/core/core.d.ts"},{"__symbol":10,"name":"CommonModule","filePath":"C:/Users/tarat/Dropbox/Project/angular2-nodejs/node_modules/@angular/common/common.d.ts"},{"__symbol":11,"name":"ɵf","filePath":"C:/Users/tarat/Dropbox/Project/angular2-nodejs/node_modules/@angular/core/core.d.ts"},{"__symbol":12,"name":"NgZone","filePath":"C:/Users/tarat/Dropbox/Project/angular2-nodejs/node_modules/@angular/core/core.d.ts"},{"__symbol":13,"name":"ɵConsole","filePath":"C:/Users/tarat/Dropbox/Project/angular2-nodejs/node_modules/@angular/core/core.d.ts"},{"__symbol":14,"name":"Injector","filePath":"C:/Users/tarat/Dropbox/Project/angular2-nodejs/node_modules/@angular/core/core.d.ts"},{"__symbol":15,"name":"ErrorHandler","filePath":"C:/Users/tarat/Dropbox/Project/angular2-nodejs/node_modules/@angular/core/core.d.ts"},{"__symbol":16,"name":"ComponentFactoryResolver","filePath":"C:/Users/tarat/Dropbox/Project/angular2-nodejs/node_modules/@angular/core/core.d.ts"},{"__symbol":17,"name":"ApplicationInitStatus","filePath":"C:/Users/tarat/Dropbox/Project/angular2-nodejs/node_modules/@angular/core/core.d.ts"},{"__symbol":18,"name":"ApplicationModule","filePath":"C:/Users/tarat/Dropbox/Project/angular2-nodejs/node_modules/@angular/core/core.d.ts"},{"__symbol":19,"name":"ApplicationRef","filePath":"C:/Users/tarat/Dropbox/Project/angular2-nodejs/node_modules/@angular/core/core.d.ts"},{"__symbol":20,"name":"APP_INITIALIZER","filePath":"C:/Users/tarat/Dropbox/Project/angular2-nodejs/node_modules/@angular/core/core.d.ts"},{"__symbol":21,"name":"Compiler","filePath":"C:/Users/tarat/Dropbox/Project/angular2-nodejs/node_modules/@angular/core/core.d.ts"},{"__symbol":22,"name":"APP_ID","filePath":"C:/Users/tarat/Dropbox/Project/angular2-nodejs/node_modules/@angular/core/core.d.ts"},{"__symbol":23,"name":"ɵg","filePath":"C:/Users/tarat/Dropbox/Project/angular2-nodejs/node_modules/@angular/core/core.d.ts"},{"__symbol":24,"name":"IterableDiffers","filePath":"C:/Users/tarat/Dropbox/Project/angular2-nodejs/node_modules/@angular/core/core.d.ts"},{"__symbol":25,"name":"ɵl","filePath":"C:/Users/tarat/Dropbox/Project/angular2-nodejs/node_modules/@angular/core/core.d.ts"},{"__symbol":26,"name":"KeyValueDiffers","filePath":"C:/Users/tarat/Dropbox/Project/angular2-nodejs/node_modules/@angular/core/core.d.ts"},{"__symbol":27,"name":"ɵm","filePath":"C:/Users/tarat/Dropbox/Project/angular2-nodejs/node_modules/@angular/core/core.d.ts"},{"__symbol":28,"name":"ɵn","filePath":"C:/Users/tarat/Dropbox/Project/angular2-nodejs/node_modules/@angular/core/core.d.ts"},{"__symbol":29,"name":"ɵo","filePath":"C:/Users/tarat/Dropbox/Project/angular2-nodejs/node_modules/@angular/core/core.d.ts"},{"__symbol":30,"name":"Sanitizer","filePath":"C:/Users/tarat/Dropbox/Project/angular2-nodejs/node_modules/@angular/core/core.d.ts"},{"__symbol":31,"name":"DomSanitizer","filePath":"C:/Users/tarat/Dropbox/Project/angular2-nodejs/node_modules/@angular/platform-browser/platform-browser.d.ts"},{"__symbol":32,"name":"BrowserModule","filePath":"C:/Users/tarat/Dropbox/Project/angular2-nodejs/node_modules/@angular/platform-browser/platform-browser.d.ts"},{"__symbol":33,"name":"ɵe","filePath":"C:/Users/tarat/Dropbox/Project/angular2-nodejs/node_modules/@angular/platform-browser/platform-browser.d.ts"},{"__symbol":34,"name":"DOCUMENT","filePath":"C:/Users/tarat/Dropbox/Project/angular2-nodejs/node_modules/@angular/platform-browser/platform-browser.d.ts"},{"__symbol":35,"name":"ɵa","filePath":"C:/Users/tarat/Dropbox/Project/angular2-nodejs/node_modules/@angular/platform-browser/platform-browser.d.ts"},{"__symbol":36,"name":"EVENT_MANAGER_PLUGINS","filePath":"C:/Users/tarat/Dropbox/Project/angular2-nodejs/node_modules/@angular/platform-browser/platform-browser.d.ts"},{"__symbol":37,"name":"ɵDomEventsPlugin","filePath":"C:/Users/tarat/Dropbox/Project/angular2-nodejs/node_modules/@angular/platform-browser/platform-browser.d.ts"},{"__symbol":38,"name":"ɵKeyEventsPlugin","filePath":"C:/Users/tarat/Dropbox/Project/angular2-nodejs/node_modules/@angular/platform-browser/platform-browser.d.ts"},{"__symbol":39,"name":"ɵHammerGesturesPlugin","filePath":"C:/Users/tarat/Dropbox/Project/angular2-nodejs/node_modules/@angular/platform-browser/platform-browser.d.ts"},{"__symbol":40,"name":"HAMMER_GESTURE_CONFIG","filePath":"C:/Users/tarat/Dropbox/Project/angular2-nodejs/node_modules/@angular/platform-browser/platform-browser.d.ts"},{"__symbol":41,"name":"HammerGestureConfig","filePath":"C:/Users/tarat/Dropbox/Project/angular2-nodejs/node_modules/@angular/platform-browser/platform-browser.d.ts"},{"__symbol":42,"name":"ɵDomRendererFactory2","filePath":"C:/Users/tarat/Dropbox/Project/angular2-nodejs/node_modules/@angular/platform-browser/platform-browser.d.ts"},{"__symbol":43,"name":"EventManager","filePath":"C:/Users/tarat/Dropbox/Project/angular2-nodejs/node_modules/@angular/platform-browser/platform-browser.d.ts"},{"__symbol":44,"name":"ɵDomSharedStylesHost","filePath":"C:/Users/tarat/Dropbox/Project/angular2-nodejs/node_modules/@angular/platform-browser/platform-browser.d.ts"},{"__symbol":45,"name":"RendererFactory2","filePath":"C:/Users/tarat/Dropbox/Project/angular2-nodejs/node_modules/@angular/core/core.d.ts"},{"__symbol":46,"name":"ɵSharedStylesHost","filePath":"C:/Users/tarat/Dropbox/Project/angular2-nodejs/node_modules/@angular/platform-browser/platform-browser.d.ts"},{"__symbol":47,"name":"Testability","filePath":"C:/Users/tarat/Dropbox/Project/angular2-nodejs/node_modules/@angular/core/core.d.ts"},{"__symbol":48,"name":"ɵc","filePath":"C:/Users/tarat/Dropbox/Project/angular2-nodejs/node_modules/@angular/platform-browser/platform-browser.d.ts"},{"__symbol":49,"name":"NgProbeToken","filePath":"C:/Users/tarat/Dropbox/Project/angular2-nodejs/node_modules/@angular/platform-browser/platform-browser.d.ts"},{"__symbol":50,"name":"NgProbeToken","filePath":"C:/Users/tarat/Dropbox/Project/angular2-nodejs/node_modules/@angular/core/core.d.ts"},{"__symbol":51,"name":"Meta","filePath":"C:/Users/tarat/Dropbox/Project/angular2-nodejs/node_modules/@angular/platform-browser/platform-browser.d.ts"},{"__symbol":52,"name":"Title","filePath":"C:/Users/tarat/Dropbox/Project/angular2-nodejs/node_modules/@angular/platform-browser/platform-browser.d.ts"},{"__symbol":53,"name":"Http","filePath":"C:/Users/tarat/Dropbox/Project/angular2-nodejs/node_modules/@angular/http/http.d.ts"},{"__symbol":54,"name":"ɵc","filePath":"C:/Users/tarat/Dropbox/Project/angular2-nodejs/node_modules/@angular/http/http.d.ts"},{"__symbol":55,"name":"XHRBackend","filePath":"C:/Users/tarat/Dropbox/Project/angular2-nodejs/node_modules/@angular/http/http.d.ts"},{"__symbol":56,"name":"RequestOptions","filePath":"C:/Users/tarat/Dropbox/Project/angular2-nodejs/node_modules/@angular/http/http.d.ts"},{"__symbol":57,"name":"HttpModule","filePath":"C:/Users/tarat/Dropbox/Project/angular2-nodejs/node_modules/@angular/http/http.d.ts"},{"__symbol":58,"name":"BrowserXhr","filePath":"C:/Users/tarat/Dropbox/Project/angular2-nodejs/node_modules/@angular/http/http.d.ts"},{"__symbol":59,"name":"BaseRequestOptions","filePath":"C:/Users/tarat/Dropbox/Project/angular2-nodejs/node_modules/@angular/http/http.d.ts"},{"__symbol":60,"name":"ResponseOptions","filePath":"C:/Users/tarat/Dropbox/Project/angular2-nodejs/node_modules/@angular/http/http.d.ts"},{"__symbol":61,"name":"BaseResponseOptions","filePath":"C:/Users/tarat/Dropbox/Project/angular2-nodejs/node_modules/@angular/http/http.d.ts"},{"__symbol":62,"name":"XSRFStrategy","filePath":"C:/Users/tarat/Dropbox/Project/angular2-nodejs/node_modules/@angular/http/http.d.ts"},{"__symbol":63,"name":"ɵb","filePath":"C:/Users/tarat/Dropbox/Project/angular2-nodejs/node_modules/@angular/http/http.d.ts"},{"__symbol":64,"name":"ɵi","filePath":"C:/Users/tarat/Dropbox/Project/angular2-nodejs/node_modules/@angular/forms/forms.d.ts"},{"__symbol":65,"name":"FormsModule","filePath":"C:/Users/tarat/Dropbox/Project/angular2-nodejs/node_modules/@angular/forms/forms.d.ts"},{"__symbol":66,"name":"MessageService","filePath":"C:/Users/tarat/Dropbox/Project/angular2-nodejs/assets/app/message/message.service.d.ts"},{"__symbol":67,"name":"ErrorService","filePath":"C:/Users/tarat/Dropbox/Project/angular2-nodejs/assets/app/error/error.service.d.ts"},{"__symbol":68,"name":"MessageModule","filePath":"C:/Users/tarat/Dropbox/Project/angular2-nodejs/assets/app/message/message.module.d.ts"},{"__symbol":69,"name":"Location","filePath":"C:/Users/tarat/Dropbox/Project/angular2-nodejs/node_modules/@angular/common/common.d.ts"},{"__symbol":70,"name":"LocationStrategy","filePath":"C:/Users/tarat/Dropbox/Project/angular2-nodejs/node_modules/@angular/common/common.d.ts"},{"__symbol":71,"name":"UrlSerializer","filePath":"C:/Users/tarat/Dropbox/Project/angular2-nodejs/node_modules/@angular/router/router.d.ts"},{"__symbol":72,"name":"DefaultUrlSerializer","filePath":"C:/Users/tarat/Dropbox/Project/angular2-nodejs/node_modules/@angular/router/router.d.ts"},{"__symbol":73,"name":"Router","filePath":"C:/Users/tarat/Dropbox/Project/angular2-nodejs/node_modules/@angular/router/router.d.ts"},{"__symbol":74,"name":"ɵe","filePath":"C:/Users/tarat/Dropbox/Project/angular2-nodejs/node_modules/@angular/router/router.d.ts"},{"__symbol":75,"name":"RouterOutletMap","filePath":"C:/Users/tarat/Dropbox/Project/angular2-nodejs/node_modules/@angular/router/router.d.ts"},{"__symbol":76,"name":"NgModuleFactoryLoader","filePath":"C:/Users/tarat/Dropbox/Project/angular2-nodejs/node_modules/@angular/core/core.d.ts"},{"__symbol":77,"name":"ROUTES","filePath":"C:/Users/tarat/Dropbox/Project/angular2-nodejs/node_modules/@angular/router/router.d.ts"},{"__symbol":78,"name":"ROUTER_CONFIGURATION","filePath":"C:/Users/tarat/Dropbox/Project/angular2-nodejs/node_modules/@angular/router/router.d.ts"},{"__symbol":79,"name":"UrlHandlingStrategy","filePath":"C:/Users/tarat/Dropbox/Project/angular2-nodejs/node_modules/@angular/router/router.d.ts"},{"__symbol":80,"name":"RouteReuseStrategy","filePath":"C:/Users/tarat/Dropbox/Project/angular2-nodejs/node_modules/@angular/router/router.d.ts"},{"__symbol":81,"name":"ActivatedRoute","filePath":"C:/Users/tarat/Dropbox/Project/angular2-nodejs/node_modules/@angular/router/router.d.ts"},{"__symbol":82,"name":"ɵf","filePath":"C:/Users/tarat/Dropbox/Project/angular2-nodejs/node_modules/@angular/router/router.d.ts"},{"__symbol":83,"name":"SystemJsNgModuleLoader","filePath":"C:/Users/tarat/Dropbox/Project/angular2-nodejs/node_modules/@angular/core/core.d.ts"},{"__symbol":84,"name":"SystemJsNgModuleLoaderConfig","filePath":"C:/Users/tarat/Dropbox/Project/angular2-nodejs/node_modules/@angular/core/core.d.ts"},{"__symbol":85,"name":"RouterPreloader","filePath":"C:/Users/tarat/Dropbox/Project/angular2-nodejs/node_modules/@angular/router/router.d.ts"},{"__symbol":86,"name":"PreloadingStrategy","filePath":"C:/Users/tarat/Dropbox/Project/angular2-nodejs/node_modules/@angular/router/router.d.ts"},{"__symbol":87,"name":"NoPreloading","filePath":"C:/Users/tarat/Dropbox/Project/angular2-nodejs/node_modules/@angular/router/router.d.ts"},{"__symbol":88,"name":"PreloadAllModules","filePath":"C:/Users/tarat/Dropbox/Project/angular2-nodejs/node_modules/@angular/router/router.d.ts"},{"__symbol":89,"name":"ɵa","filePath":"C:/Users/tarat/Dropbox/Project/angular2-nodejs/node_modules/@angular/router/router.d.ts"},{"__symbol":90,"name":"ɵd","filePath":"C:/Users/tarat/Dropbox/Project/angular2-nodejs/node_modules/@angular/router/router.d.ts"},{"__symbol":91,"name":"ɵc","filePath":"C:/Users/tarat/Dropbox/Project/angular2-nodejs/node_modules/@angular/router/router.d.ts"},{"__symbol":92,"name":"PlatformLocation","filePath":"C:/Users/tarat/Dropbox/Project/angular2-nodejs/node_modules/@angular/common/common.d.ts"},{"__symbol":93,"name":"APP_BASE_HREF","filePath":"C:/Users/tarat/Dropbox/Project/angular2-nodejs/node_modules/@angular/common/common.d.ts"},{"__symbol":94,"name":"ɵb","filePath":"C:/Users/tarat/Dropbox/Project/angular2-nodejs/node_modules/@angular/router/router.d.ts"},{"__symbol":95,"name":"ɵg","filePath":"C:/Users/tarat/Dropbox/Project/angular2-nodejs/node_modules/@angular/router/router.d.ts"},{"__symbol":96,"name":"ɵh","filePath":"C:/Users/tarat/Dropbox/Project/angular2-nodejs/node_modules/@angular/router/router.d.ts"},{"__symbol":97,"name":"ROUTER_INITIALIZER","filePath":"C:/Users/tarat/Dropbox/Project/angular2-nodejs/node_modules/@angular/router/router.d.ts"},{"__symbol":98,"name":"ɵi","filePath":"C:/Users/tarat/Dropbox/Project/angular2-nodejs/node_modules/@angular/router/router.d.ts"},{"__symbol":99,"name":"APP_BOOTSTRAP_LISTENER","filePath":"C:/Users/tarat/Dropbox/Project/angular2-nodejs/node_modules/@angular/core/core.d.ts"},{"__symbol":100,"name":"AuthService","filePath":"C:/Users/tarat/Dropbox/Project/angular2-nodejs/assets/app/auth/auth.service.d.ts"},{"__symbol":101,"name":"RouterModule","filePath":"C:/Users/tarat/Dropbox/Project/angular2-nodejs/node_modules/@angular/router/router.d.ts"},{"__symbol":102,"name":"ɵba","filePath":"C:/Users/tarat/Dropbox/Project/angular2-nodejs/node_modules/@angular/forms/forms.d.ts"}]}