{"summaries":[{"symbol":{"__symbol":0,"members":[]},"metadata":{"__symbolic":"call","expression":{"__symbolic":"select","expression":{"__symbol":1,"members":[]},"member":"forRoot"},"arguments":[[{"path":"","redirectTo":"messages","pathMatch":"full"},{"path":"messages","component":{"__symbol":2,"members":[]}},{"path":"auth","component":{"__symbol":3,"members":[]},"loadChildren":"./auth/auth.module#AuthModule"}]]}}],"symbols":[{"__symbol":0,"name":"routing","filePath":"C:/Users/tarat/Dropbox/Project/angular2-nodejs/assets/app/app.routing.d.ts"},{"__symbol":1,"name":"RouterModule","filePath":"C:/Users/tarat/Dropbox/Project/angular2-nodejs/node_modules/@angular/router/router.d.ts"},{"__symbol":2,"name":"MessagesComponent","filePath":"C:/Users/tarat/Dropbox/Project/angular2-nodejs/assets/app/message/messages.component.d.ts"},{"__symbol":3,"name":"AuthenticationComponent","filePath":"C:/Users/tarat/Dropbox/Project/angular2-nodejs/assets/app/auth/authentication.component.d.ts"}]}