{"summaries":[{"symbol":{"__symbol":0,"members":[]},"metadata":{"__symbolic":"class","members":{"message":[{"__symbolic":"property","decorators":[{"__symbolic":"call","expression":{"__symbol":1,"members":[]}}]}],"__ctor__":[{"__symbolic":"constructor","parameters":[{"__symbol":2,"members":[]}]}],"onEdit":[{"__symbolic":"method"}],"onDelete":[{"__symbolic":"method"}],"belongsToUser":[{"__symbolic":"method"}]}},"type":{"summaryKind":1,"type":{"reference":{"__symbol":0,"members":[]},"diDeps":[{"isAttribute":false,"isHost":false,"isSelf":false,"isSkipSelf":false,"isOptional":false,"token":{"identifier":{"reference":{"__symbol":2,"members":[]}}}}],"lifecycleHooks":[]},"isComponent":true,"selector":"app-message","exportAs":null,"inputs":{"message":"message"},"outputs":{},"hostListeners":{},"hostProperties":{},"hostAttributes":{},"providers":[],"viewProviders":[],"queries":[],"viewQueries":[],"entryComponents":[],"changeDetection":1,"template":{"animations":[],"ngContentSelectors":[],"encapsulation":0},"componentViewType":{"__symbol":3,"members":[]},"rendererType":{"__symbol":4,"members":[]},"componentFactory":{"__symbol":5,"members":[]}}}],"symbols":[{"__symbol":0,"name":"MessageComponent","filePath":"C:/Users/tarat/Dropbox/Project/angular2-nodejs/assets/app/message/message.component.d.ts"},{"__symbol":1,"name":"Input","filePath":"C:/Users/tarat/Dropbox/Project/angular2-nodejs/node_modules/@angular/core/core.d.ts"},{"__symbol":2,"name":"MessageService","filePath":"C:/Users/tarat/Dropbox/Project/angular2-nodejs/assets/app/message/message.service.d.ts"},{"__symbol":3,"name":"View_MessageComponent_0","filePath":"C:/Users/tarat/Dropbox/Project/angular2-nodejs/assets/app/message/message.component.ngfactory.d.ts"},{"__symbol":4,"name":"RenderType_MessageComponent","filePath":"C:/Users/tarat/Dropbox/Project/angular2-nodejs/assets/app/message/message.component.ngfactory.d.ts"},{"__symbol":5,"name":"MessageComponentNgFactory","filePath":"C:/Users/tarat/Dropbox/Project/angular2-nodejs/assets/app/message/message.component.ngfactory.d.ts"}]}