{"summaries":[{"symbol":{"__symbol":0,"members":[]},"metadata":{"__symbolic":"class","members":{"__ctor__":[{"__symbolic":"constructor","parameters":[{"__symbol":1,"members":[]},{"__symbol":2,"members":[]}]}],"addMessage":[{"__symbolic":"method"}],"getMessages":[{"__symbolic":"method"}],"editMessage":[{"__symbolic":"method"}],"updateMessage":[{"__symbolic":"method"}],"deleteMessage":[{"__symbolic":"method"}]}},"type":{"summaryKind":3,"type":{"reference":{"__symbol":0,"members":[]},"diDeps":[{"isAttribute":false,"isHost":false,"isSelf":false,"isSkipSelf":false,"isOptional":false,"token":{"identifier":{"reference":{"__symbol":1,"members":[]}}}},{"isAttribute":false,"isHost":false,"isSelf":false,"isSkipSelf":false,"isOptional":false,"token":{"identifier":{"reference":{"__symbol":2,"members":[]}}}}],"lifecycleHooks":[]}}}],"symbols":[{"__symbol":0,"name":"MessageService","filePath":"C:/Users/tarat/Dropbox/Project/angular2-nodejs/assets/app/message/message.service.d.ts"},{"__symbol":1,"name":"Http","filePath":"C:/Users/tarat/Dropbox/Project/angular2-nodejs/node_modules/@angular/http/http.d.ts"},{"__symbol":2,"name":"ErrorService","filePath":"C:/Users/tarat/Dropbox/Project/angular2-nodejs/assets/app/error/error.service.d.ts"}]}