{"summaries":[{"symbol":{"__symbol":0,"members":[]},"metadata":{"__symbolic":"class"},"type":{"summaryKind":2,"type":{"reference":{"__symbol":0,"members":[]},"diDeps":[],"lifecycleHooks":[]},"entryComponents":[],"providers":[{"provider":{"token":{"identifier":{"reference":{"__symbol":1,"members":[]}}},"useClass":{"reference":{"__symbol":2,"members":[]},"diDeps":[{"isAttribute":false,"isHost":false,"isSelf":false,"isSkipSelf":false,"isOptional":false,"token":{"identifier":{"reference":{"__symbol":3,"members":[]}}}}],"lifecycleHooks":[]},"useFactory":null,"deps":[{"isAttribute":false,"isHost":false,"isSelf":false,"isSkipSelf":false,"isOptional":false,"token":{"identifier":{"reference":{"__symbol":3,"members":[]}}}}],"multi":false},"module":{"reference":{"__symbol":4,"members":[]},"diDeps":[],"lifecycleHooks":[]}},{"provider":{"token":{"identifier":{"reference":{"__symbol":5,"members":[]},"diDeps":[],"lifecycleHooks":[]}},"useClass":{"reference":{"__symbol":5,"members":[]},"diDeps":[],"lifecycleHooks":[]},"useFactory":null,"deps":[],"multi":false},"module":{"reference":{"__symbol":6,"members":[]},"diDeps":[],"lifecycleHooks":[]}},{"provider":{"token":{"identifier":{"reference":{"__symbol":7,"members":[]},"diDeps":[{"isAttribute":false,"isHost":false,"isSelf":false,"isSkipSelf":false,"isOptional":false,"token":{"identifier":{"reference":{"__symbol":8,"members":[]}}}},{"isAttribute":false,"isHost":false,"isSelf":false,"isSkipSelf":false,"isOptional":false,"token":{"identifier":{"reference":{"__symbol":9,"members":[]}}}}],"lifecycleHooks":[]}},"useClass":{"reference":{"__symbol":7,"members":[]},"diDeps":[{"isAttribute":false,"isHost":false,"isSelf":false,"isSkipSelf":false,"isOptional":false,"token":{"identifier":{"reference":{"__symbol":8,"members":[]}}}},{"isAttribute":false,"isHost":false,"isSelf":false,"isSkipSelf":false,"isOptional":false,"token":{"identifier":{"reference":{"__symbol":9,"members":[]}}}}],"lifecycleHooks":[]},"useFactory":null,"deps":[{"isAttribute":false,"isHost":false,"isSelf":false,"isSkipSelf":false,"isOptional":false,"token":{"identifier":{"reference":{"__symbol":8,"members":[]}}}},{"isAttribute":false,"isHost":false,"isSelf":false,"isSkipSelf":false,"isOptional":false,"token":{"identifier":{"reference":{"__symbol":9,"members":[]}}}}],"multi":false},"module":{"reference":{"__symbol":0,"members":[]},"diDeps":[],"lifecycleHooks":[]}}],"modules":[{"reference":{"__symbol":4,"members":[]},"diDeps":[],"lifecycleHooks":[]},{"reference":{"__symbol":10,"members":[]},"diDeps":[],"lifecycleHooks":[]},{"reference":{"__symbol":6,"members":[]},"diDeps":[],"lifecycleHooks":[]},{"reference":{"__symbol":0,"members":[]},"diDeps":[],"lifecycleHooks":[]}],"exportedDirectives":[],"exportedPipes":[]}}],"symbols":[{"__symbol":0,"name":"MessageModule","filePath":"C:/Users/tarat/Dropbox/Project/angular2-nodejs/assets/app/message/message.module.d.ts"},{"__symbol":1,"name":"NgLocalization","filePath":"C:/Users/tarat/Dropbox/Project/angular2-nodejs/node_modules/@angular/common/common.d.ts"},{"__symbol":2,"name":"NgLocaleLocalization","filePath":"C:/Users/tarat/Dropbox/Project/angular2-nodejs/node_modules/@angular/common/common.d.ts"},{"__symbol":3,"name":"LOCALE_ID","filePath":"C:/Users/tarat/Dropbox/Project/angular2-nodejs/node_modules/@angular/core/core.d.ts"},{"__symbol":4,"name":"CommonModule","filePath":"C:/Users/tarat/Dropbox/Project/angular2-nodejs/node_modules/@angular/common/common.d.ts"},{"__symbol":5,"name":"ɵi","filePath":"C:/Users/tarat/Dropbox/Project/angular2-nodejs/node_modules/@angular/forms/forms.d.ts"},{"__symbol":6,"name":"FormsModule","filePath":"C:/Users/tarat/Dropbox/Project/angular2-nodejs/node_modules/@angular/forms/forms.d.ts"},{"__symbol":7,"name":"MessageService","filePath":"C:/Users/tarat/Dropbox/Project/angular2-nodejs/assets/app/message/message.service.d.ts"},{"__symbol":8,"name":"Http","filePath":"C:/Users/tarat/Dropbox/Project/angular2-nodejs/node_modules/@angular/http/http.d.ts"},{"__symbol":9,"name":"ErrorService","filePath":"C:/Users/tarat/Dropbox/Project/angular2-nodejs/assets/app/error/error.service.d.ts"},{"__symbol":10,"name":"ɵba","filePath":"C:/Users/tarat/Dropbox/Project/angular2-nodejs/node_modules/@angular/forms/forms.d.ts"}]}